id,category,question,guidance
1,social,"Які сексуальні табу в сучасному суспільстві давно пора зняти?","Поговоріть про суспільні заборони що впливають на ваше життя. Чи відчуваєте тиск через стереотипи? Які табу здаються застарілими та обмежують особисту свободу?"
2,social,"Чи має секс бути освітнім процесом в суспільстві?","Обговоріть роль сексуальної освіти в формуванні здорових стосунків. Чи достатньо говорять про інтимність в нашій культурі? Що дізналися через власний досвід?"
3,social,"Як медіа та порно впливають на ваші очікування від сексу?","Розкажіть про вплив фільмів, порно та соцмереж на уявлення про інтимність. Чи намагаєтесь відтворювати побачене? Як відрізнити фантазію від реальності?"
4,social,"Чи може секс існувати без емоційної прив'язаності?","Поділіться думками про фізичне задоволення проти емоційної близькості. Що цінніше для вас? Де проводите межі між сексом та коханням?"
5,social,"Як технології змінюють інтимність між людьми?","Обговоріть вплив смартфонів та онлайн-знайомств на близькість. Це еволюція чи деградація? Що технології дають стосункам, а що забирають?"
6,social,"Чи впливає релігія на ваше сприйняття сексуальності?","Розкажіть про конфлікт між релігійними переконаннями та сексуальними потребами. Чи можна поєднати глибоку віру з вільним сексуальним самовираженням?"
7,social,"Як ви ставитесь до ідеї відкритих стосунків?","Обговоріть різні моделі стосунків. Чи природно людині мати одного партнера все життя? Які виклики несуть альтернативні форми любові?"
8,social,"Чи має суспільство право диктувати що є 'нормальним' в сексі?","Поговоріть про межі між приватністю та громадською мораллю. Хто визначає норми сексуальної поведінки? Як захистити право на сексуальну свободу?"
9,social,"Як ви ставитесь до комерціалізації сексу?","Обговоріть етику секс-індустрії від порно до ескорт-послуг. Чи знецінює комерція секс як вираження любові? Як це впливає на звичайні стосунки?"
10,social,"Чи повинні діти отримувати сексуальну освіту в школі?","Поділіться думками про баланс між захистом дитинства та підготовкою до дорослого життя. З якого віку? Хто має викладати - батьки чи школа?"
11,social,"Як зміни в суспільстві вплинули на ваші стосунки?","Розкажіть про еволюцію гендерних ролей та їх вплив на інтимність. Чи стали стосунки більш рівноправними? Що змінилося на краще?"
12,social,"Чи впливають соціальні мережі на вашу самооцінку в сексі?","Обговоріть тиск перфектних фото та стандартів краси. Чи порівнюєте себе з іншими онлайн? Як захистити самооцінку від токсичних впливів?"
13,social,"Як карантин змінив вашу інтимність?","Поділіться досвідом обмежень та їх впливу на близькість. Чи допомогла ізоляція зблизитися або навпаки? Що дізналися про себе за цей час?"
14,social,"Чи важлива різниця в освіті для сексуальної сумісності?","Розкажіть про роль інтелектуальної близькості в стосунках. Чи впливає рівень освіти на якість спілкування про інтимність?"
15,social,"Як фемінізм змінив ваше розуміння сексу?","Обговоріть еволюцію поглядів на жіночу сексуальність та рівноправність. Чи стали стосунки більш відкритими для жіночих потреб?"
16,social,"Чи має значення фінансова незалежність для якості сексу?","Поділіться думками про зв'язок між економічною свободою та сексуальною. Чи впливає фінансовий стрес на інтимність?"
17,social,"Як ваша культура формує уявлення про секс?","Розкажіть про культурні традиції та їх вплив на інтимність. Чи легко подолати культурні обмеження? Що приймаєте, а що відкидаєте?"
18,social,"Чи може міжрасове кохання мати особливості в сексі?","Обговоріть культурні відмінності та їх роль у близькості. Чи є специфічні виклики або переваги в таких стосунках?"
19,social,"Як війна вплинула на вашу сексуальність?","Поділіться досвідом стресу та його впливу на інтимність. Чи допомагає близькість справлятися з травмами? Що змінилося в пріоритетах?"
20,social,"Чи важлива політична сумісність для сексуальних стосунків?","Розкажіть про роль поглядів та цінностей у близькості. Чи можуть кардинально різні погляди зруйнувати інтимність?"
21,social,"Як урбанізація впливає на якість інтимного життя?","Обговоріть особливості сексу в мегаполісі проти провінції. Чи є відмінності в відкритості, можливостях, стресі?"
22,social,"Чи впливає екологія на ваше сексуальне здоров'я?","Поділіться думками про вплив забруднення, стресу міста, харчування на лібідо. Чи помічаєте зв'язок між довкіллям та бажанням?"
23,social,"Як глобалізація змінює інтимні стосунки?","Розкажіть про міжнародні стосунки, культурний обмін, онлайн-знайомства. Чи робить світ інтимність більш уніфікованою?"
24,social,"Чи має значення різниця в соціальному статусі?","Обговоріть владні дисбаланси та їх вплив на рівноправність у сексі. Чи може різниця в статусі покращити або зіпсувати інтимність?"
25,social,"Як зміна клімату впливає на ваші репродуктивні рішення?","Поділіться думками про майбутнє планети та бажання мати дітей. Чи впливає екологічна тривога на сексуальне життя?"
26,psychological,"Як змінилось ваше сприйняття сексу за останні 5 років?","Розкажіть про еволюцію від пристрасті до глибшої близькості. Що допомогло зберегти інтерес? Які етапи проходять довгострокові стосунки?"
27,psychological,"Чи відчуваєте тиск 'виконувати' під час сексу?","Поділіться досвідом очікувань партнера та суспільства. Як справляєтеся з тиском бути ідеальним коханцем? Чи блокує це природне задоволення?"
28,psychological,"Як стрес та втома впливають на ваше лібідо?","Обговоріть зв'язок між ментальним станом та сексуальним бажанням. Які види стресу найбільше впливають? Як відновлюєте інтерес до інтимності?"
29,psychological,"Коли востаннє відчували справжню сексуальну пристрасть?","Опишіть момент повного занурення в близькість. Що його спровокувало? Як зберегти ці спогади і повернути таку інтенсивність відчуттів?"
30,psychological,"Чи є речі в сексі яких боїтеся попросити?","Розкажіть про страх осуду від партнера. Що заважає бути повністю відкритими? Як створити атмосферу довіри для обговорення таємних бажань?"
31,psychological,"Як ваше тіло змінилось з роками і як це вплинуло на секс?","Поділіться досвідом прийняття фізичних змін. Чи обговорюєте це з партнером? Як зберегти впевненість при змінах зовнішності та можливостей тіла?"
32,psychological,"Чи використовуєте секс для втечі від проблем?","Обговоріть інтимність як спосіб уникнення реальності. Коли це здорово, а коли стає проблемою? Як знайти баланс між втечею та вирішенням проблем?"
33,psychological,"Чи є у вас сексуальні ритуали або традиції?","Розкажіть про звички що створюють особливу атмосферу. Як вони з'явились? Які дрібниці або сигнали створюють настрій для близькості?"
34,psychological,"Як ревнощі впливають на вашу сексуальність?","Поділіться досвідом боротьби з ревнощами до минулого партнера. Чи порівнюєте себе з колишніми? Як не дати минулому зруйнувати теперішнє?"
35,psychological,"Чи впливає алкоголь на вашу сексуальну поведінку?","Обговоріть як алкоголь змінює гальма та бажання. Чи потрібний він для розслаблення? Де межа між розкутістю та втратою контролю?"
36,psychological,"Як депресія або тривога впливають на ваш секс?","Розкажіть про зв'язок ментального здоров'я та лібідо. Чи допомагає інтимність справлятися з депресією? Як підтримати партнера в складні періоди?"
37,psychological,"Чи змінюється ваша сексуальність залежно від настрою?","Поділіться тим як емоційний стан впливає на бажання. Чи є у вас різні 'сексуальні особистості'? Як партнер реагує на ці зміни?"
38,psychological,"Які страхи заважають вам повністю розкритися?","Обговоріть внутрішні бар'єри та комплекси. Чи боїтеся осуду, відмови, невдачі? Як подолати ці страхи разом з партнером?"
39,psychological,"Як травматичний досвід вплинув на вашу сексуальність?","Розкажіть про процес зцілення та відновлення довіри. Що допомогло повернути здорове ставлення до інтимності? Яка роль партнера в цьому процесі?"
40,psychological,"Чи є у вас 'сексуальні триггери' що миттєво збуджують?","Поділіться тим що викликає найсильніший відгук. Це запахи, дотики, слова? Як ці триггери сформувалися і чи змінюються з часом?"
41,psychological,"Як ваша самооцінка впливає на якість сексу?","Обговоріть зв'язок між впевненістю в собі та задоволенням від близькості. Чи можете розслабитися коли сумніваєтеся в собі?"
42,psychological,"Чи відчуваєте різницю між 'сексом' та 'заняттям коханням'?","Розкажіть про різні види близькості та їх емоційну глибину. Коли це просто фізично, а коли душевно? Що потрібно для справжньої близькості?"
43,psychological,"Як менструальний цикл впливає на ваші сексуальні потреби?","Поділіться змінами в лібідо та чутливості протягом місяця. Чи обговорюєте це з партнером? Як адаптуватися до гормональних коливань?"
44,psychological,"Чи можете передбачити коли хочете секс?","Обговоріть спонтанність проти планування в інтимності. Чи є у вас певні моменти або ситуації що викликають бажання? Як це узгоджується з партнером?"
45,psychological,"Які емоції найчастіше супроводжують ваш секс?","Розкажіть про емоційну палітру інтимності - від ніжності до пристрасті. Чи завжди це позитивні емоції? Як справлятися зі складними почуттями?"
46,psychological,"Чи впливає ваш голос та звуки на якість близькості?","Поділіться роллю вокального самовираження в сексі. Чи соромитеся видавати звуки? Як голосове спілкування впливає на збудження?"
47,psychological,"Як зміна сезонів впливає на ваше лібідо?","Обговоріть сезонні коливання сексуального бажання. Чи є періоди року коли хочете більше або менше близькості? Що з цим робити?"
48,psychological,"Чи є різниця між тим як ви поводитеся в сексі та в житті?","Розкажіть про різні грані особистості в інтимності та поза нею. Чи дозволяєте собі в сексі те, що заборонено в повсякденності?"
49,psychological,"Як вагітність змінила ваше ставлення до сексу?","Поділіться досвідом змін тіла та сексуальності під час вагітності. Що відкрили нового про себе? Як це вплинуло на стосунки з партнером?"
50,psychological,"Чи впливають ваші сни на сексуальне життя?","Обговоріть роль еротичних снів та фантазій підсвідомості. Чи розповідаєте партнеру про такі сни? Як підсвідоме впливає на реальні бажання?"
51,erotic,"Яка ваша найгарячіша спільна фантазія?","Поділіться мріями що збуджують обох партнерів. Чи наважувались реалізувати? Що заважає втіленню? Як безпечно експериментувати з новими ідеями?"
52,erotic,"Чи є таємна фантазія про яку партнер не знає?","Розкажіть про приватні еротичні мрії. Що стримує від розкриття? Чи має право кожен на сексуальні секрети? Коли варто тримати щось при собі?"
53,erotic,"Яке найнеочіківаніше місце для інтимності ви можете уявити?","Поділіться фантазіями про екзотичні або заборонені локації. Наскільки важливе оточення для збудження? Що робить місце особливо еротичним?"
54,erotic,"Чи фантазуєте про інших людей під час сексу?","Обговоріть роль уяви у підсиленні збудження. Чи нормально це в стосунках? Про кого мрієте? Коли фантазії можуть заважати реальній близькості?"
55,erotic,"Яка роль домінування та підкорення у ваших фантазіях?","Розкажіть про владні ігри в еротичних мріях. Що привабливого в контролі або його втраті? Чи відображають ці фантазії ваші стосунки в реальному житті?"
56,erotic,"Що збуджує вас найбільше у партнері?","Поділіться тим що викликає найсильніше бажання. Це зовнішність, поведінка чи щось інше? Як ці тригери змінювались з часом у ваших стосунках?"
57,erotic,"Чи є у вас фетиші або особливі вподобання?","Розкажіть про речі що надають особливого збудження. Як ви їх відкрили? Чи комфортно ділитися цим з партнером? Як інтегрувати це в стосунки?"
58,erotic,"Яка ваша найеротичніша мрія що ніколи не здійсниться?","Обговоріть неможливі фантазії та їх роль у збудженні. Чому деякі мрії краще залишати нереалізованими? Що робить заборонене таким привабливим?"
59,erotic,"Чи подобається вам говорити брудно під час сексу?","Поділіться думками про вербальну еротику. Які слова збуджують найбільше? Чи легко вам висловлювати бажання словами? Як знайти свій еротичний словник?"
60,erotic,"Який одяг або білизна збуджує вас найбільше?","Розкажіть про роль одягу в еротиці. Що подобається бачити на партнері? Чи любите одягатися для збудження? Як одяг впливає на самопочуття в сексі?"
61,erotic,"Чи є у вас улюблені еротичні ролі або персонажі?","Поділіться тим як рольові ігри збагачують інтимність. Які образи найбільше збуджують? Чи легко входити в роль? Що дає така гра?"
62,erotic,"Яке найінтимніше місце на вашому тілі?","Розкажіть про зони особливої чутливості та їх роль у збудженні. Чи змінюються ці місця з часом? Як відкривали їх для себе?"
63,erotic,"Чи є у вас еротичні традиції або ритуали?","Обговоріть особливі дії що підвищують збудження. Це може бути музика, запахи, дотики. Як вони сформувалися і чому важливі?"
64,erotic,"Яка найсміливіша річ яку ви робили в сексі?","Поділіться моментом коли переступили через власні межі. Що дало сміливість? Чи змінило це ваше сприйняття власних можливостей?"
65,erotic,"Чи використовуєте іграшки або аксесуари в сексі?","Розкажіть про роль додаткових предметів у підсиленні задоволення. Як вони з'явились у вашому житті? Чи покращують вони близькість з партнером?"
66,erotic,"Які позиції приносять вам найбільше задоволення?","Обговоріть фізичні аспекти близькості та індивідуальні переваги. Чи експериментуєте з новим? Що важливіше - фізичне задоволення чи емоційна близькість?"
67,erotic,"Чи є в сексі щось що ви категорично не приймаєте?","Поділіться своїми межами та табу. Як їх встановлювали? Чи можуть вони змінюватися з часом або партнером?"
68,erotic,"Яка роль фантазій під час мастурбації?","Розкажіть про приватну еротику та її відмінність від парного сексу. Чи є речі що уявляєте наодинці, але не робите з партнером?"
69,erotic,"Чи подобається вам дивитися як ваше тіло реагує на збудження?","Обговоріть візуальну складову сексуальності. Чи збуджує вас власна реакція? Як ставитеся до дзеркал або камер у спальні?"
70,erotic,"Які запахи асоціюються у вас з сексом?","Поділіться роллю нюху в еротиці. Чи є запахи що миттєво збуджують? Як використовуєте парфуми або природні аромати для підсилення настрою?"
71,erotic,"Чи є у вас улюблений час доби для сексу?","Розкажіть про біоритми та їх вплив на сексуальну активність. Коли відчуваєте найбільше бажання? Чи збігається це з режимом партнера?"
72,erotic,"Які дотики збуджують вас найбільше?","Обговоріть тактильну чутливість та індивідуальні переваги. Це ніжні дотики чи більш інтенсивні? Чи змінюються уподобання залежно від настрою?"
73,erotic,"Чи подобається вам коли партнер бере ініціативу?","Поділіться думками про активність та пасивність у сексі. Коли приємно віддати контроль? Як почуваєтеся в ролі того хто отримує задоволення?"
74,erotic,"Які слова збуджують вас найбільше?","Розкажіть про силу мови в еротиці. Це ніжні слова чи більш відверті? Чи є фрази що миттєво підвищують збудження?"
75,erotic,"Чи є у вас еротичні спогади що й досі збуджують?","Обговоріть роль пам'яті в сексуальному збудженні. Які моменти з минулого найяскравіші? Чи діляться такими спогадами з поточним партнером?"
76,funny,"Який найкумедніший сексуальний момент трапився з вами?","Поділіться смішними ситуаціями в ліжку. Як гумор вплинув на ваші стосунки? Чи допоміг сміх розвантажити напружену ситуацію? Чи можна сміятися над собою в сексі?"
77,funny,"Якби секс був олімпійським видом спорту?","Уявіть у якій дисципліні ви змагались би. Які були б критерії оцінювання? Які рекорди могли б встановити? Хто був би вашим тренером?"
78,funny,"Якби ви могли винайти новий контрацептив?","Придумайте найабсурдніші способи захисту. Які фантастичні властивості він мав би? Що було б найсмішнішого в такому винаході? Які проблеми він вирішив би?"
79,funny,"Яке найдивніше місце де у вас виникло сексуальне бажання?","Розкажіть про найнедоречніші моменти збудження. Як справились з цією ситуацією? Чи довелося винаходити виправдання? Чи сміялися з цього пізніше?"
80,funny,"Якби секс мав звуковий супровід як у фільмі?","Уявіть ідеальний саундтрек до вашої інтимності. Який жанр музики підходив би? Чи змінювався б плейлист залежно від настрою та інтенсивності?"
81,funny,"Які найдивніші поради про секс ви коли-небудь чули?","Поділіться абсурдними порадами від друзів або з інтернету. Чи пробували якісь з них? Що виявилось найбільш безглуздим або навіть шкідливим?"
82,funny,"Якби ви писали інструкцію до свого тіла?","Уявіть керівництво користувача для вашого тіла в сексі. Які попередження та поради ви б включили? Що було б написано дрібним шрифтом?"
83,funny,"Який найнезграбніший момент 'передгри' ви пам'ятаєте?","Розкажіть про невдалі спроби романтики або збудження. Як це вплинуло на настрій? Чи навчили вас такі моменти чомусь важливому?"
84,funny,"Якби секс-освіта викладалась як кулінарія?","Які би були рецепти та інгредієнти? Як виглядала б кухня для таких уроків? Які страви були б у меню для початківців та професіоналів?"
85,funny,"Чи є сексуальні рухи які виглядають смішно збоку?","Поділіться думками про те як може виглядати секс для стороннього спостерігача. Які позиції здаються найбільш абсурдними? Чи заважає це вам розслабитись?"
86,funny,"Якби тварини могли коментувати людський секс?","Уявіть що сказали б домашні улюбленці про те що бачать. Які коментарі були б найсмішнішими? Чи заважають вам тварини в інтимні моменти?"
87,funny,"Які найдивніші звуки ви видавали під час сексу?","Розкажіть про неконтрольовані звуки що можуть з'являтися в пристрасті. Чи соромно за них? Як реагує партнер на несподівані звукові ефекти?"
88,funny,"Якби секс мав рейтингову систему як фільми?","Придумайте критерії оцінювання різних видів близькості. Що було б G, PG, R рейтингом для сексу? Які 'спецефекти' підвищували б рейтинг?"
89,funny,"Чи є одяг який автоматично знищує романтичний настрій?","Поділіться кумедними випадками з одягом що зіпсував момент. Які речі найменш сексуальні? Чи можна бути збуджуючим в будь-якому вбранні?"
90,funny,"Якби ви озвучували порно як документальний фільм?","Уявіть як звучав би науковий коментар до інтимних сцен. Які терміни використовували б? Як би це змінило сприйняття сексу?"
91,funny,"Які б були назви коктейлів в сексуальному барі?","Придумайте кумедні назви напоїв натхненних інтимністю. Які інгредієнти входили б до складу? Яким був би ефект від таких коктейлів?"
92,funny,"Чи є сексуальні помилки які повторюєте знову і знову?","Розкажіть про кумедні звички або помилки що стали традицією. Чому не можете від них позбутися? Чи сміються з цього разом з партнером?"
93,funny,"Якби секс був видом мистецтва в музеї?","Уявіть експозицію присвячену інтимності. Які експонати були б найцікавішими? Як виглядали б екскурсії? Що написали б в описах?"
94,funny,"Які найдивніші речі ви знаходили в ліжку наступного ранку?","Поділіться несподіваними знахідками після пристрасної ночі. Звідки взялися ці речі? Чи допомагають такі моменти зберегти легкість у стосунках?"
95,funny,"Якби ваш секс був реаліті-шоу?","Придумайте формат передачі про ваше інтимне життя. Хто був би суддями? Які номінації існували б? Що стало б найрейтинговішим моментом?"
96,funny,"Чи є у сексі моменти коли хочеться зробити паузу на рекламу?","Розкажіть про часи коли потрібна 'технічна перерва'. Що робите в такі моменти? Як зберегти настрій після вимушеної паузи?"
97,funny,"Які б були правила етикету для сексу?","Придумайте кодекс ввічливості для інтимності. Що було б найважливішими правилами? Які порушення етикету найгірші? Хто встановлював би стандарти?"
98,funny,"Якби ваші сексуальні партнери писали відгуки як на товар?","Уявіть рейтинги та коментарі про ваші здібності в ліжку. Скільки зірок отримали б? Які плюси та мінуси відзначили б? Чи читали б такі відгуки?"
99,funny,"Чи є фрази які миттєво вбивають романтику?","Поділіться словами або виразами що зіпсували настрій. Які теми краще не піднімати в інтимні моменти? Як швидко відновити атмосферу після такого?"
100,funny,"Якби секс мав систему досягнень як у відеоіграх?","Придумайте нагороди та трофеї за різні активності. Які досягнення були б найскладнішими? Що давало б найбільше очок досвіду?"
101,controversial,"Чи існують сексуальні правила які не можна порушувати?","Обговоріть абсолютні заборони в інтимності. Хто встановлює ці правила? Коли порушення може бути корисним для стосунків, а коли небезпечним?"
102,controversial,"Чи може згода бути відкликана під час сексу?","Поділіться думками про важливість постійної згоди. Як реагувати на зміну настрою партнера? Які сигнали дискомфорту важливо вчасно помічати?"
103,controversial,"Чи має людина право на секс як на основну потребу?","Обговоріть інтимність як право людини. Хто відповідальний за задоволення цієї потреби? Що робити самотнім людям? Де межі особистих прав та суспільної відповідальності?"
104,controversial,"Чи може порнографія покращувати реальні стосунки?","Поділіться думками про роль порно у вашому житті. Це освіта чи деформація уявлень про секс? Чи дивитесь разом з партнером або окремо?"
105,controversial,"Чи справедливі різні стандарти для чоловіків та жінок?","Розкажіть про подвійні стандарти в сексуальній поведінці. Як гендерні стереотипи впливають на ваші стосунки? Чи можна подолати ці упередження?"
106,controversial,"Чи виправданий 'сексуальний шантаж' у стосунках?","Обговоріть використання інтимності як інструменту впливу. Де межа між встановленням меж та маніпуляціями? Як захиститися від сексуального тиску?"
107,controversial,"Чи може віковий розрив впливати на якість сексу?","Поділіться думками про стосунки з великою різницею у віці. Які переваги та виклики це несе? Як різний досвід впливає на сумісність?"
108,controversial,"Чи існує 'правильна' кількість сексуальних партнерів?","Розкажіть про ставлення до сексуального досвіду. Чи важлива кількість попередніх партнерів? Як минуле впливає на теперішні стосунки?"
109,controversial,"Чи може секс без любові бути морально виправданим?","Обговоріть етику випадкових зв'язків. Чи завжди потрібна емоційна близькість? Які відповідальності несуть партнери у такому сексі?"
110,controversial,"Чи має право партнер знати про всі ваші фантазії?","Поділіться думками про межі відкритості. Чи можуть деякі таємниці зашкодити стосункам? Коли приховування виправдане, а коли шкідливе?"
111,controversial,"Чи прийнятна зрада якщо стосунки в кризі?","Розкажіть про межі вірності та обставини що можуть їх змінити. Чи є виправдання для зради? Як кризи впливають на сексуальну мораль?"
112,controversial,"Чи може релігійність покращити сексуальне життя?","Обговоріть роль духовності в інтимності. Чи допомагає віра створити глибший зв'язок? Як поєднати релігійні заборони з природними потребами?"
113,controversial,"Чи має значення орієнтація для якості стосунків?","Поділіться думками про різні форми сексуальності. Чи впливає орієнтація на глибину близькості? Як суспільство може краще підтримувати різноманітність?"
114,controversial,"Чи виправдано приховувати венеричні захворювання?","Розкажіть про етику розкриття інформації про здоров'я. Які є обов'язки перед партнером? Як захистити себе не образивши іншого?"
115,controversial,"Чи може проституція бути етичною за певних умов?","Обговоріть комерціалізацію сексу та права секс-працівників. Чи може це бути вільним вибором? Як суспільство має ставитися до цієї сфери?"
116,controversial,"Чи справедливо судити людину за її сексуальні вподобання?","Поділіться думками про толерантність до різних практик. Де межа між прийняттям та засудженням? Хто має право встановлювати норми?"
117,controversial,"Чи може сексуальна несумісність виправдати розлучення?","Розкажіть про роль інтимності в довгострокових стосунках. Наскільки важливий секс для збереження шлюбу? Чи можна це вирішити?"
118,controversial,"Чи прийнятно використовувати секс для досягнення цілей?","Обговоріть межі між спокусою та маніпуляцією. Коли це гра, а коли зловживання? Як розпізнати чесні наміри партнера?"
119,controversial,"Чи має право суспільство регулювати приватне життя?","Поділіться думками про межі державного втручання в інтимність. Які аспекти сексу мають залишатися приватними? Де баланс між свободою та мораллю?"
120,controversial,"Чи може сексуальна освіта зашкодити дітям?","Розкажіть про баланс між захистом та підготовкою молодого покоління. З якого віку варто говорити про секс? Хто має це робити?"
121,controversial,"Чи виправдано засуджувати 'нетрадиційні' практики?","Обговоріть толерантність до БДСМ, фетишів та інших форм сексуальності. Де межа між здоровим та шкідливим? Хто це визначає?"
122,controversial,"Чи може інцест бути прийнятним між дорослими?","Поділіться думками про найконтроверсійніші табу. Чи є абсолютні заборони? Як біологія та психологія впливають на мораль?"
123,controversial,"Чи має право людина вимагати сексу від партнера?","Розкажіть про баланс потреб у стосунках. Які є права та обов'язки? Як узгоджувати різні рівні лібідо без примусу?"
124,controversial,"Чи може порно бути формою мистецтва?","Обговоріть межі між еротикою та порнографією. Чи може комерційний секс нести художню цінність? Як це впливає на суспільні норми?"
125,controversial,"Чи справедливо карати за 'неморальну' поведінку?","Поділіться думками про кримінальне переслідування за сексуальні дії. Які вчинки заслуговують покарання? Де межа між мораллю та законом?"
126,deep,"Як секс змінив ваше розуміння себе як особистості?","Розкажіть про самопізнання через інтимність. Що ви відкрили про свої потреби, страхи або сильні сторони? Як близькість формує ідентичність?"
127,deep,"Чи може секс бути духовним досвідом?","Поділіться моментами трансцендентного з'єднання. Що виводить інтимність за межі фізичного? Як досягти глибокої єдності з партнером?"
128,deep,"Яка роль довіри у вашому сексуальному житті?","Обговоріть як довіра впливає на якість близькості. Що потрібно для повного розкриття? Як відновити довіру після зради або розчарування?"
129,deep,"Як материнство/батьківство вплинуло на вашу сексуальність?","Розкажіть про зміни після появи дітей. Як поєднати роль батька/матері з роллю коханця? Що допомагає зберегти інтимність у сім'ї?"
130,deep,"Чи відчуваєте ви зв'язок між творчістю та сексуальністю?","Поділіться думками про еротику як джерело натхнення. Чи підживлює сексуальна енергія вашу творчість? Як інтимність впливає на самовираження?"
131,deep,"Як страх смерті впливає на ваше ставлення до сексу?","Обговоріть секс як утвердження життя. Чи робить усвідомлення скінченності інтимність більш цінною? Як близькість допомагає справлятися з екзистенційними страхами?"
132,deep,"Яке місце займає секс у вашій ієрархії життєвих цінностей?","Розкажіть про пріоритети та баланс. Наскільки важлива інтимність порівняно з кар'єрою, сім'єю, духовністю? Як це змінювалось з віком?"
133,deep,"Чи може секс лікувати емоційні травми?","Поділіться досвідом цілющої сили близькості. Як інтимність допомагає відновлюватися після болю? Коли секс може зашкодити процесу зцілення?"
134,deep,"Як ви розумієте різницю між сексом та коханням?","Обговоріть тонкі межі між фізичним потягом та емоційною близькістю. Чи може існувати одне без іншого? Як поєднати пристрасть з ніжністю?"
135,deep,"Що ви хочете залишити своїм дітям про сексуальність?","Розкажіть про цінності які хочете передати. Які уроки про інтимність найважливіші? Як підготувати наступне покоління до здорових стосунків?"
136,deep,"Як самотність впливає на ваше розуміння близькості?","Поділіться досвідом періодів без партнера. Чи змінює самотність ставлення до сексу? Як цінуєте інтимність після її втрати?"
137,deep,"Чи є у сексі моменти повної відсутності 'я'?","Обговоріть трансцендентні стани в інтимності. Коли зникає межа між вами та партнером? Що викликає такі моменти єдності?"
138,deep,"Як старіння змінює ваш погляд на сексуальність?","Розкажіть про еволюцію потреб та можливостей з віком. Що стає важливішим - фізичне задоволення чи емоційна близькість? Як адаптуватися до змін?"
139,deep,"Яка роль пам'яті у вашому сексуальному житті?","Поділіться тим як минулий досвід формує теперішні стосунки. Чи переслідують вас спогади про колишніх? Як створювати нові яскраві моменти?"
140,deep,"Чи може секс бути формою медитації?","Обговоріть стани глибокої концентрації в інтимності. Коли секс стає практикою усвідомленості? Як досягти повної присутності в моменті?"
141,deep,"Як горе впливає на ваше ставлення до близькості?","Розкажіть про зміни після втрати близької людини. Чи допомагає інтимність справлятися з горем? Як смерть змінює розуміння життя та любові?"
142,deep,"Чи відчуваєте зв'язок між сексом та вашою душею?","Поділіться духовними аспектами інтимності. Що виходить за межі тіла в близькості? Як секс впливає на ваш внутрішній світ?"
143,deep,"Як травма змінила ваше розуміння довіри?","Обговоріть процес відновлення здатності до близькості після болісного досвіду. Що допомогло знову повірити? Як захистити себе не закриваючись?"
144,deep,"Чи може секс бути способом пізнання Бога?","Розкажіть про містичні аспекти інтимності. Чи відчували божественне в моменти єдності? Як поєднати тілесне та духовне?"
145,deep,"Як ваша сексуальність пов'язана з вашою місією в житті?","Поділіться зв'язком між інтимністю та життєвим призначенням. Чи живить секс вашу енергію для досягнення цілей? Як це взаємопов'язано?"
146,deep,"Чи може секс навчити вас безумовної любові?","Обговоріть уроки які дає інтимність. Як через фізичну близькість приходить розуміння глибшої любові? Що секс вчить про прийняття?"
147,deep,"Як самотність в стосунках впливає на секс?","Розкажіть про парадокс близькості та відчуженості. Чи можна почуватися самотнім поруч з партнером? Як інтимність може і з'єднувати і розділяти?"
148,deep,"Чи є у вас відчуття що секс може змінити світ?","Поділіться думками про планетарну роль любові та близькості. Чи може особиста інтимність впливати на колективну свідомість? Як ваш секс змінює всесвіт?"
149,deep,"Як страх близькості впливає на ваші стосунки?","Обговоріть внутрішні бар'єри що заважають повному з'єднанню. Чого боїтеся в інтимності? Як подолати страх розчинитися в іншій людині?"
150,deep,"Що ваш секс розказує про ваші найглибші цінності?","Розкажіть як інтимна поведінка відображає справжні переконання. Чи збігається те що ви говорите з тим як поводитеся в сексі? Що це відкриває про вас?"
151,physical,"Як ваше тіло реагує на різні види дотиків?","Розкажіть про тактильну чутливість та індивідуальні особливості. Які дотики збуджують найбільше? Чи змінюється чутливість залежно від настрою та стану здоров'я?"
152,physical,"Чи впливає ваша фізична форма на якість сексу?","Поділіться зв'язком між фітнесом та сексуальними можливостями. Чи помічаєте різницю коли в хорошій формі? Як мотивувати себе на здоровий спосіб життя?"
153,physical,"Як менструальний цикл впливає на ваші потреби?","Обговоріть гормональні коливання та їх вплив на лібідо. Чи є періоди особливого збудження? Як адаптуватися до природних ритмів організму?"
154,physical,"Чи є частини тіла які збуджують вас несподівано?","Розкажіть про неочікувані ерогенні зони. Як відкривали їх для себе? Чи змінюються вони з часом або з різними партнерами?"
155,physical,"Як вагітність змінила ваше сприйняття тіла?","Поділіться досвідом фізичних змін та їх впливу на сексуальність. Що нового відкрили про свої можливості? Як це вплинуло на стосунки з партнером?"
156,physical,"Чи впливає ваша поза під час дня на секс ввечері?","Обговоріть як спосіб життя та робота впливають на фізичний стан. Чи помічаєте зв'язок між активністю вдень та енергією вночі?"
157,physical,"Як харчування впливає на ваше лібідо?","Розкажіть про зв'язок між дієтою та сексуальним бажанням. Чи є продукти що підвищують або знижують інтерес до сексу? Як алкоголь впливає на якість близькості?"
158,physical,"Чи впливає температура на вашу сексуальну активність?","Поділіться тим як погода та клімат впливають на бажання. Чи є сезони коли хочете більше близькості? Як температура спальні впливає на комфорт?"
159,physical,"Як старіння змінює ваші фізичні можливості?","Обговоріть адаптацію до вікових змін організму. Що змінилося в краще, а що стало складнішим? Як зберегти активність та задоволення?"
160,physical,"Чи є фізичні вправи що покращують ваш секс?","Розкажіть про зв'язок між спортом та сексуальними здібностями. Які види активності найкорисніші? Чи помічаєте покращення після тренувань?"
161,physical,"Як недосипання впливає на ваше лібідо?","Поділіться впливом режиму сну на сексуальне життя. Чи можете бути пристрасними коли втомлені? Як знайти енергію для близькості після важкого дня?"
162,physical,"Чи впливають медикаменти на вашу сексуальність?","Обговоріть побічні ефекти ліків на лібідо та фізичні можливості. Як справлятися з такими проблемами? Чи варто обговорювати це з лікарем?"
163,physical,"Як стрес впливає на ваше тіло під час сексу?","Розкажіть про фізичні прояви психологічного напруження. Чи можете розслабитися коли переживаєте? Як тіло реагує на емоційний стан?"
164,physical,"Чи є різниця в сексі в різний час доби?","Поділіться тим як біоритми впливають на фізичні можливості. Коли ваше тіло найбільш чутливе? Чи змінюється інтенсивність оргазму?"
165,physical,"Як дихання впливає на якість вашого сексу?","Обговоріть роль правильного дихання в підсиленні задоволення. Чи контролюєте дихання під час близькості? Як це впливає на інтенсивність відчуттів?"
166,physical,"Чи впливає ваша гнучкість на сексуальні можливості?","Розкажіть про зв'язок між фізичною пластичністю та різноманітністю поз. Чи обмежує негнучкість ваші експерименти? Як її розвивати?"
167,physical,"Як зміна ваги впливає на самопочуття в сексі?","Поділіться досвідом коливань ваги та їх впливу на впевненість. Чи змінюється ваша активність? Як реагує партнер на фізичні зміни?"
168,physical,"Чи є у вас фізичні особливості що впливають на секс?","Обговоріть індивідуальні анатомічні особливості та їх роль у близькості. Як адаптуватеся до них? Чи потребують вони особливого підходу?"
169,physical,"Як фізичні травми вплинули на ваше сексуальне життя?","Розкажіть про адаптацію після ушкоджень або операцій. Що довелося змінити в інтимності? Як зберегти задоволення попри обмеження?"
170,physical,"Чи впливає ваша робота на фізичний стан для сексу?","Поділіться тим як професійна діяльність впливає на тіло та енергію. Чи втомлюєтеся так що немає сил на близькість? Як відновлюватися?"
171,physical,"Як забруднення довкілля впливає на ваше лібідо?","Обговоріть екологічні фактори що можуть впливати на сексуальне здоров'я. Чи помічаєте зв'язок між якістю повітря/води та бажанням?"
172,physical,"Чи є запахи що миттєво змінюють ваш фізичний стан?","Розкажіть про роль ароматів у фізичному збудженні. Які запахи активізують або пригнічують? Як використовувати це для покращення близькості?"
173,physical,"Як звуки впливають на ваші фізичні реакції?","Поділіться впливом аудіальних стимулів на тіло. Чи є звуки що підвищують чутливість? Як музика змінює фізичні відчуття в сексі?"
174,physical,"Чи впливає освітлення на ваші фізичні реакції?","Обговоріть роль візуальних умов у фізичному збудженні. Чи є різниця між сексом при свічках та яскравому світлі? Як це впливає на тіло?"
175,physical,"Як тиск та погода впливають на ваш фізичний стан?","Розкажіть про метеочутливість у сексуальному плані. Чи змінюється чутливість тіла залежно від атмосферного тиску? Як адаптуватися до погодних змін?"
176,relationships,"Як секс змінився з початку ваших стосунків?","Розкажіть про еволюцію інтимності в парі. Що змінилося на краще, а що стало складнішим? Як зберегти новизну після років разом?"
177,relationships,"Чи обговорюєте ви секс зі своїм партнером?","Поділіться досвідом відкритого спілкування про інтимність. Чи легко говорити про потреби та бажання? Що допомагає вести такі розмови?"
178,relationships,"Як ви вирішуєте конфлікти пов'язані з сексом?","Обговоріть стратегії вирішення інтимних суперечок. Чи є теми які особливо болючі? Як знайти компроміс коли потреби не збігаються?"
179,relationships,"Чи впливають сварки на якість вашого сексу?","Розкажіть про зв'язок між емоційним станом стосунків та фізичною близькістю. Чи можете займатися сексом після конфлікту? Як примирятися?"
180,relationships,"Як ви підтримуєте романтику в довгих стосунках?","Поділіться способами збереження пристрасті після років разом. Що допомагає не втратити інтерес? Які традиції або звички підтримують близькість?"
181,relationships,"Чи є у вас спільні сексуальні цілі як пари?","Обговоріть планування розвитку інтимного життя. Чи ставите завдання покращити щось у сексі? Як мотивуєте один одного на експерименти?"
182,relationships,"Як ви справляєтеся з різними рівнями лібідо?","Розкажіть про баланс коли один хоче більше ніж інший. Як не образити партнера відмовою? Що робити коли потреби кардинально не збігаються?"
183,relationships,"Чи впливає ваша сім'я на ваші інтимні стосунки?","Поділіться впливом родичів та їх поглядів на ваше сексуальне життя. Чи заважають сімейні традиції? Як захистити приватність стосунків?"
184,relationships,"Як ви ділите домашні обов'язки та як це впливає на секс?","Обговоріть зв'язок між побутом та романтикою. Чи впливає несправедливий розподіл на бажання близькості? Як мотивувати партнера допомагати?"
185,relationships,"Чи є традиції або ритуали що поліпшують ваш секс?","Розкажіть про спеціальні дії що налаштовують на близькість. Це може бути спільний душ, масаж, особливий одяг. Як вони з'явилися у ваших стосунках?"
186,relationships,"Як ви святкуєте річниці та чи впливає це на інтимність?","Поділіться роллю особливих дат у вашому сексуальному житті. Чи стає секс в такі дні особливим? Як створюєте незабутні моменти?"
187,relationships,"Чи подорожі покращують ваше інтимне життя?","Обговоріть вплив зміни обстановки на близькість. Чи стаєте більш пристрасними далеко від дому? Що у подорожах сприяє романтиці?"
188,relationships,"Як ви підтримуєте довіру після порушення меж?","Розкажіть про відновлення близькості після конфліктів або зрад. Що потрібно для прощення? Як повернути інтимність після втрати довіри?"
189,relationships,"Чи впливають ваші друзі на ваші стосунки?","Поділіться роллю оточення у вашому інтимному житті. Чи обговорюєте секс з друзями? Як їх поради впливають на ваші рішення в стосунках?"
190,relationships,"Як ви плануєте майбутнє ваших стосунків?","Обговоріть довгострокові цілі та мрії як пари. Чи включають вони розвиток інтимності? Як бачите себе разом через 10-20 років?"
191,relationships,"Чи є речі які ви робите тільки заради партнера?","Розкажіть про компроміси в інтимному житті. Що робите хоч самі не дуже любите? Як знайти баланс між власними потребами та бажанням догодити?"
192,relationships,"Як ви справляєтеся з рутиною в сексі?","Поділіться стратегіями боротьби з одноманітністю. Що допомагає внести новизну? Чи плануєте експерименти чи покладаєтеся на спонтанність?"
193,relationships,"Чи впливає ваша робота на якість стосунків?","Обговоріть баланс між кар'єрою та особистим життям. Чи заважає стрес на роботі близькості? Як захистити стосунки від професійних проблем?"
194,relationships,"Як ви підтримуєте індивідуальність в парі?","Розкажіть про збереження особистості в близьких стосунках. Чи потрібен час наодинці? Як особистий розвиток впливає на якість інтимності?"
195,relationships,"Чи є у вас спільні хобі що зближують?","Поділіться активностями що покращують ваш зв'язок. Чи переходить близькість з хобі в спальню? Що найбільше зближує вас як пару?"
196,relationships,"Як ви вирішили жити разом та як це змінило секс?","Обговоріть вплив спільного побуту на інтимність. Що покращилося коли стали жити разом? Які нові виклики з'явилися для сексуального життя?"
197,relationships,"Чи впливають ваші батьки на ваші уявлення про стосунки?","Розкажіть про сімейні моделі та їх вплив на ваші стосунки. Що переймаєте, а від чого свідомо відмовляєтеся? Як створити власну модель любові?"
198,relationships,"Як ви справляєтеся з ревнощами в стосунках?","Поділіться досвідом боротьби з ревнощами та недовірою. Що їх викликає? Як партнер може допомогти подолати такі почуття?"
199,relationships,"Чи обговорюєте ви майбутніх дітей та як це впливає на секс?","Обговоріть плани щодо сім'ї та їх вплив на інтимність. Чи змінює бажання дітей ваше ставлення до сексу? Як це впливає на використання контрацепції?"
200,relationships,"Як ви святкуєте успіхи один одного?","Розкажіть про підтримку досягнень партнера. Чи стає секс формою святкування? Як успіхи одного впливають на інтимність пари загалом?"
201,intimacy,"Що для вас означає справжня близькість?","Розкажіть про ваше розуміння глибокої близькості між людьми. Це фізичний контакт, емоційне з'єднання чи щось більше? Коли відчуваєте справжню єдність?"
202,intimacy,"Чи можете бути інтимними без сексу?","Поділіться досвідом несексуальної близькості. Які дії створюють інтимність без фізичного контакту? Чи достатньо такої близькості для повноцінних стосунків?"
203,intimacy,"Як ви створюєте атмосферу для близькості?","Обговоріть підготовку до інтимних моментів. Що допомагає налаштуватися? Це музика, запахи, освітлення чи щось інше? Наскільки важлива обстановка?"
204,intimacy,"Чи є моменти коли уникаєте близькості?","Розкажіть про періоди коли не хочеться інтимності. Що викликає таке небажання? Як пояснити це партнеру не образивши його?"
205,intimacy,"Що робить звичайний дотик особливим?","Поділіться тим як перетворити просте торкання в інтимний момент. Чи є різниця в якості дотиків? Що робить їх значущими?"
206,intimacy,"Як ви виражаєте близькість словами?","Обговоріть роль мови в створенні інтимності. Які слова найкраще передають ваші почуття? Чи легко вам говорити про близькість?"
207,intimacy,"Чи впливає минулий досвід на теперішню близькість?","Розкажіть про те як попередні стосунки формують поточні. Що ви винесли з минулого? Чи заважають старі травми новій близькості?"
208,intimacy,"Як ви відновлюєте близькість після конфлікту?","Поділіться способами відновлення інтимного зв'язку після сварки. Що допомагає повернути довіру? Скільки часу потрібно для примирення?"
209,intimacy,"Чи є різниця між близькістю вдень та вночі?","Обговоріть як час доби впливає на якість близькості. Коли відчуваєте найбільшу потребу в інтимності? Чи змінюється її характер?"
210,intimacy,"Що заважає вам бути повністю відкритими?","Розкажіть про внутрішні бар'єри що перешкоджають повній близькості. Чого боїтеся? Що потрібно для повного довір'я та відкритості?"
211,intimacy,"Як ви ділитеся своїми найглибшими почуттями?","Поділіться способами вираження найважливіших емоцій. Чи легко говорити про страхи, мрії, надії? Що допомагає відкритися партнеру?"
212,intimacy,"Чи може близькість бути занадто інтенсивною?","Обговоріть межі комфортної інтимності. Чи буває що партнер хоче більше близькості ніж ви готові дати? Як знайти баланс?"
213,intimacy,"Як ви зберігаєте близькість на відстані?","Розкажіть про підтримку інтимного зв'язку коли фізично далеко. Що допомагає відчувати близькість через технології? Чи можлива справжня інтимність онлайн?"
214,intimacy,"Що ви дізналися про себе через близькі стосунки?","Поділіться відкриттями про власну особистість через інтимність. Які риси розкрилися? Що змінилося в самосприйнятті завдяки близькості?"
215,intimacy,"Чи впливає ваш настрій на потребу в близькості?","Обговоріть зв'язок між емоційним станом та бажанням інтимності. Коли хочеться більше близькості? Чи використовуєте інтимність для покращення настрою?"
216,intimacy,"Як ви показуєте любов без слів?","Розкажіть про невербальні способи вираження почуттів. Які жести, погляди, дії найкраще передають ваші емоції? Чи розуміє партнер ці сигнали?"
217,intimacy,"Чи є ритуали що поглиблюють вашу близькість?","Поділіться традиціями що зміцнюють інтимний зв'язок. Це може бути щоденне спілкування, спільні заняття, особливі звички. Як вони впливають?"
218,intimacy,"Що робить звичайний момент інтимним?","Обговоріть як перетворити буденні ситуації на моменти близькості. Чи можна створити інтимність під час приготування їжі, прогулянки, перегляду фільму?"
219,intimacy,"Як ви справляєтеся зі страхом бути відкинутими?","Розкажіть про подолання страху відмови в інтимності. Що допомагає ризикувати та відкриватися? Як зберегти сміливість після болючого досвіду?"
220,intimacy,"Чи змінюється ваша потреба в близькості з віком?","Поділіться тим як роки впливають на бажання інтимності. Чого хочете більше чи менше? Як адаптуватеся до змін у собі та партнері?"
221,intimacy,"Що найцінніше дав вам досвід близьких стосунків?","Обговоріть найважливіші уроки інтимності. Що змінило ваше розуміння любові? Які навички близькості найкорисніші в житті загалом?"
222,intimacy,"Як ви підтримуєте інтимність в стресові періоди?","Розкажіть про збереження близькості під час життєвих криз. Що допомагає не втратити зв'язок? Як інтимність може бути ресурсом у важкі часи?"
223,intimacy,"Чи впливає фізичний простір на вашу близькість?","Поділіться тим як оточення впливає на інтимність. Чи є місця де відчуваєте особливу близькість? Як створити інтимний простір у власному домі?"
224,intimacy,"Що означає для вас 'бути собою' в близьких стосунках?","Обговоріть автентичність в інтимності. Чи можете повністю бути собою з партнером? Що заважає показати справжнє обличчя?"
225,intimacy,"Як ви розрізняєте здорову та нездорову близькість?","Розкажіть про межі між любов'ю та залежністю. Коли близькість стає задушливою? Як зберегти індивідуальність не втрачаючи зв'язку?"
226,passion,"Що запалює вашу пристрасть найбільше?","Розкажіть про моменти найсильнішого збудження. Це певні дії, слова, ситуації? Чи можете передбачити коли накриє хвиля пристрасті?"
227,passion,"Як ви підтримуєте пристрасть у довгих стосунках?","Поділіться секретами збереження вогню після років разом. Що допомагає не втратити первісне збудження? Чи можна повернути колишню пристрасть?"
228,passion,"Чи є різниця між пристрастю та коханням?","Обговоріть відмінності між фізичним потягом та глибокими почуттями. Чи може існувати одне без іншого? Що важливіше для довгострокових стосунків?"
229,passion,"Коли востаннє відчували справжню пристрасть?","Розкажіть про момент коли були повністю поглинені бажанням. Що його спровокувало? Чи можна відтворити такі відчуття знову?"
230,passion,"Що вбиває пристрасть у стосунках?","Поділіться факторами що охолоджують збудження. Це рутина, стрес, конфлікти? Як уникнути цих пасток або подолати їх?"
231,passion,"Чи впливає заборонений плід на силу пристрасті?","Обговоріть роль недоступності у збудженні. Чи стає секс цікавішим коли є перешкоди? Що робить пристрасть особливо інтенсивною?"
232,passion,"Як ви розпалюєте пристрасть партнера?","Розкажіть про способи збудження коханої людини. Що найкраще спрацьовує? Чи змінюються ці методи з часом або залишаються сталими?"
233,passion,"Чи може пристрасть бути небезпечною?","Поділіться досвідом надмірного збудження. Чи траплялося що пристрасть затьмарювала розум? Як знайти баланс між пристрастю та розсудливістю?"
234,passion,"Що робить звичайний секс пристрасним?","Обговоріть різницю між механічною близькістю та справжньою пристрастю. Що змінює якість відчуттів? Чи можна навчитися бути більш пристрасним?"
235,passion,"Як ваша пристрасть змінилася з роками?","Розкажіть про еволюцію сексуального бажання. Що стало збуджувати більше чи менше? Чи змінилася інтенсивність або характер пристрасті?"
236,passion,"Чи впливають емоції на силу вашої пристрасті?","Поділіться зв'язком між настроєм та збудженням. Які емоції підсилюють пристрасть? Чи можете бути пристрасними коли засмучені або злі?"
237,passion,"Що найбільше розчаровує у пристрасті?","Обговоріть моменти коли очікування не збігаються з реальністю. Що може зіпсувати навіть найкращий настрій? Як справлятися з розчаруваннями?"
238,passion,"Чи можете викликати пристрасть силою волі?","Розкажіть про свідоме управління збудженням. Чи можна наказати собі хотіти? Що допомагає налаштуватися на пристрасний лад?"
239,passion,"Як ви виражаєте пристрасть без слів?","Поділіться невербальними способами передачі збудження. Які погляди, дотики, жести найкраще виражають бажання? Чи розуміє партнер ці сигнали?"
240,passion,"Чи є моменти коли пристрасть лякає?","Обговоріть інтенсивність відчуттів що може бути переповнюючою. Чи траплялося що власне збудження здавалося надто сильним? Як справлятися з такими моментами?"
241,passion,"Що робить пристрась взаємною?","Розкажіть про синхронізацію бажань з партнером. Як збуджувати один одного одночасно? Що створює спіраль взаємного збудження?"
242,passion,"Чи впливає ваша фантазія на реальну пристрасть?","Поділіться роллю уяви у збудженні. Чи допомагають еротичні мрії стати більш пристрасними в реальності? Як фантазії впливають на секс?"
243,passion,"Як ви відновлюєте пристрасть після її втрати?","Обговоріть повернення збудження після періодів байдужості. Що допомагає знову запалати? Чи можна відновити колишню інтенсивність?"
244,passion,"Чи є різниця між спонтанною та заплановою пристрастю?","Розкажіть про якість різних видів збудження. Що краще - несподіваний спалах чи підготовлена близькість? Чи можна планувати пристрасть?"
245,passion,"Що ваша пристрасть говорить про вас як особистість?","Поділіться зв'язком між характером та способом вираження бажання. Чи відображає ваша сексуальність інші аспекти особистості?"
246,passion,"Як ви збалансовуєте пристрасть та ніжність?","Обговоріть поєднання інтенсивного збудження з турботою. Чи можуть співіснувати дикі бажання та лагідна любов? Коли потрібне що?"
247,passion,"Чи впливає ваше минуле на теперішню пристрасть?","Розкажіть про те як попередній досвід формує поточні бажання. Що винесли з колишніх стосунків? Чи заважають спогади новій пристрасті?"
248,passion,"Що найбільше підживлює вашу пристрасть?","Поділіться джерелами сексуальної енергії. Це спорт, мистецтво, природа, спілкування? Як різні сфери життя впливають на інтимне бажання?"
249,passion,"Чи можете ви навчити когось бути пристрасним?","Обговоріть передачу вміння відчувати та виражати збудження. Чи можна розвинути пристрасність? Що найважливіше передати партнеру?"
250,passion,"Якою буде ваша пристрасть через 20 років?","Розкажіть про майбутнє ваших бажань. Як уявляєте еволюцію пристрасті з віком? Чи зможете зберегти вогонь до старості?"